CODIGO;UF;1.1.1.a;1.1.1.b;1.1.1.c;1.1.1.d;1.1.1.e;1.1.1.f;1.1.1.g;1.1.1.h;1.1.1.i;1.1.1.j;1.1.1.k;1.1.1.l;1.2.1.a;1.2.1.b;1.2.1.c;1.2.1.d;1.2.1.e;1.2.1.f;1.2.1.g;1.2.1.h;1.2.1.i;1.2.2.a;1.2.2.b;1.2.2.c;1.2.2.d;1.2.2.e;1.2.2.f;1.2.2.g;1.2.2.h;1.2.2.i;1.2.2.j;1.2.2.k;1.2.2.l;1.3.1.a;1.3.1.b;1.3.1.c;1.3.1.d;1.4.1.A;1.4.1.B;1.4.1.C;1.4.1.D;1.4.1.E;1.4.1.F;1.4.1.G;1.4.1.H;1.4.1.Ced;1.4.1.Ded;1.4.1.Eed;1.4.1.Fed;1.4.1.Ged;1.4.1.Hed; 1.4.2; 1.4.3; 1.4.4;1.5.1.A.a;1.5.1.A.b;1.5.1.A.d;1.6.1.F;1.7.1.A;2.3.1.A; 2.5.1; 2.6.1; 3.1.1.A ; 3.1.1.B ;3.1.1.C;3.1.2;3.1.2.a;3.1.2.b;3.1.2.c;3.1.2.d;3.1.2.e;3.1.2.f;3.1.2.g;3.1.2.h;3.1.2.i;3.1.2.j;3.1.2.k;3.1.2.l;3.1.3.a;3.1.3.b;3.1.3.c;3.1.3.d;3.1.3.e;3.4.1.A.a;3.4.1.A.b;3.4.1.A.c;3.4.1.A.d;3.4.1.A.e;3.4.1.A.f;3.5.1.A;3.5.1.B;3.5.1.C;3.5.1.D;3.5.1.E;3.7.1;4.1.1;4.1.1.A;4.2.1;4.3.1;4.3.2;4.4.1;4.4.2.a;4.4.2.b;4.4.2.c;4.4.2.d;4.4.2.e;4.5.1;4.5.2;4.6.1.a;4.6.1.b;4.6.1.c;4.6.1.d;4.6.2.a;4.6.2.b;4.6.2.c;4.6.2.d;4.6.2.e;4.7.1.A;4.7.1.B;4.7.1.C;4.7.1.D;4.7.1.E;4.7.1.F;4.7.1.G;4.7.1.H;4.7.1.I;4.7.1.J;4.7.1.K;4.7.1.L;4.8.1;6.1.1.A;6.1.1.B;6.1.1.C;6.1.1.D;6.1.1.E;6.1.1.F;6.1.1.G;6.2.1.A;6.2.1.B;6.2.1.C;6.2.1.D;6.2.1.E;6.2.1.F;6.3.1;7.3.1.a;7.3.1.b;7.3.1.c;7.3.1.d;7.3.1.e;8.1.1;8.1.2;8.2.1;8.3.1;8.4.1.a;8.4.1.b;8.4.1.c;8.4.1.d;8.4.1.e;9.1.1.A;9.1.1.B;9.1.1.C;9.1.1.D;9.1.1.E;9.1.2;9.1.3; 9.1.4 ;10.1.1.a;10.1.1.b;10.1.1.c;10.1.1.d;10.1.1.e;10.1.1.f;11.1.1.a;11.1.1.b;11.1.2.a;11.1.2.b;11.1.2.c;11.2.1;11.4.1;11.4.2.a;11.4.2.b;11.4.2.c;11.4.2.d;11.4.2.e;12.1.1;13.1.1.A;13.1.1.B;13.1.1.C;13.1.1.D;13.1.1.E;13.1.1.F;13.1.1.G
1100205;RO;1;;1;1;;;;;;;;;1;;;;1;;;;;1;;;;;;;;;;;;;;;1;1;0;1;0;;0;;0;1.0;0.0;0.0;0.0;0.0;0.0;1229;328;Nao;91;40;40;1.22;5400000;7.48;Nao;Nao;3.8;3;2017;Sim;1;;;;;;;;;;;;1;;1;;;3985992;3734090;4575175;1460635;4100547;9021791;0.00;1.00;1.00;0.50;0.50;Sim;Sim;;Sim;Nao;Nao;Nao;;;;;;NA;;;;;;;;;;;NA;NA;NA;NA;NA;NA;NA;NA;NA;NA;NA;NA;Nao;Nao;Nao;Nao;Sim;Nao;Nao;Nao;Nao;Nao;Nao;Sim;Nao;Sim;Nao;;1;;;;Nao;Sim;2;Nao;1;;;;;Sim;Sim;Nao;Nao;Sim;84;0;4200000;;1;;;;;;;;;1;Nao;Sim;;;1;;;Nao;Sim;Nao;Nao;Nao;Nao;Nao;Nao
1302603;AM;1;;1;1;;;;1;;;;;1;;;;;;;;;1;;;;;;;;;;;;;;;1;1;0;;0;;0;;0;0.0;0.0;0.0;0.0;0.0;0.0;2176;1126;;1344;90;1114;;9105948;8.07;Sim;Nao;3.8;3.3;2017;Nao;;;;;;;;;;;;;1;;;1;;4069796;759415;4475051;1317286;1051926;11163771;0.00;1.00;1.00;0.50;0.50;Sim;Sim;2014;Sim;Nao;Nao;Sim;1;;1;1;;2015;2;;1;1;;1;1;1;;1;Sim;Sim;Sim;Sim;Sim;Sim;Sim;Sim;Nao;Nao;Sim;Nao;Sim;Nao;Nao;Nao;Nao;Nao;Sim;Nao;Nao;Sim;Nao;Nao;Nao;Nao;Sim;;1;1;1;1;Sim;Sim;1;Sim;;;;1;;Nao;Sim;Nao;Sim;Nao;375;;39602450.34;;1;1;;;;1;;1;;;Sim;Sim;1;;1;;;Nao;Sim;Sim;Nao;Sim;Sim;Nao;Nao
1506807;PA;1;;1;1;;;1;;;;;;1;;;;1;;;;;;;;;;;;;;;;1;;;;1;1;0;1;0;0;0;0;0;1.0;0.0;0.0;0.0;0.0;0.0;1115;121;Nao;119;76;0;0.13;12299162.28;10;Sim;;3;2.7;2017;Sim;;;;;;;;;;;;;;;;;1;986048.55;87727.45;640968;;;1287475;0.00;1.00;1.00;0.66;0.66;Sim;Sim;2017;Sim;Nao;Nao;Nao;;;;;;NA;;;;;;;;;;;NA;NA;NA;NA;NA;NA;NA;NA;NA;NA;NA;NA;;Nao;Nao;Nao;Nao;Nao;Sim;Nao;Sim;Sim;Nao;Sim;Nao;Sim;Nao;1;;;;;Sim;Sim;2;Sim;;1;1;1;;Sim;Sim;Nao;Nao;Nao;31;;208937.19;;1;;;;;1;;1;;;Nao;Sim;;1;;;;Nao;Sim;Nao;Nao;Nao;Nao;Nao;Nao
1721000;TO;1;;1;1;;;;;;;;;;;;;;;;;1;;;;;;;;;;;;1;;1;1;;0;0;0;0;0;0;0;0;0.0;0.0;0.0;0.0;0.0;0.0;910;433;Sim;190;81;;0;12062740;5.87;Nao;Nao;3.85;3.75;2019;Nao;;;;;;;;;;;;;1;1;;;;3094185;11198284;3518580;7396677;2571446;16063123;0.00;0.00;1.00;0.50;0.50;Sim;Sim;2018;Sim;Nao;Nao;Nao;;;;;;NA;;;;;;;;;;;NA;NA;NA;NA;NA;NA;NA;NA;NA;NA;NA;NA;;Nao;Sim;Nao;Nao;Nao;Nao;Sim;Sim;Sim;Nao;Nao;Sim;Nao;Nao;1;;;;;Sim;Sim;1 e 2;Nao;;;;1;;Sim;Sim;Sim;Nao;Nao;81;29;13917409.73;;1;;;;;1;;1;;;Sim;Sim;;;;;1;Sim;Sim;Sim;Sim;Sim;Nao;Nao;Sim
2211001;PI;1;;1;1;;;;;;;;;1;1;;;;1;;;;1;1;1;1;;;;;;;;;;1;1;;8;;8;;8;;8;;1.0;0.0;1.0;0.0;1.0;0.0;2200;533;Sim;436;80;438;46.1;30071004.22;5.8;Sim;Sim;3.85;3.6;2019;Sim;1;;;;;;;;;;;;1;1;1;1;;22702413;12506350;17486064;5276654;9442630;40794589;0.00;0.00;1.00;0.67;0.67;Sim;Sim;2008;Sim;Nao;Nao;Sim;1;;1;;;2008;2;;;1;1;1;1;1;;;Sim;Sim;Sim;Sim;Sim;Nao;Sim;Sim;Sim;Nao;Sim;Nao;Sim;Sim;Sim;Nao;Sim;Nao;Nao;Sim;Nao;Sim;Nao;Nao;Nao;Nao;Sim;;;;;;Sim;sim;2;Sim;;1;1;1;1;Sim;Sim;Sim;Sim;Sim;144;59;24180134.84;;;;;;;1;;1;;;Sim;Nao;;;;;;Sim;Sim;Sim;Sim;Sim;Sim;Sim;Nao
2303709;CE;1;;1;1;;;;;;;;;1;;1;;;;;;;1;;;;;;;;1;;;;;;;1;2;5;0;5;0;0;0;0;0.0;1.0;0.0;0.0;0.0;0.0;;;Nao;65;40;65;;;4;Nao;Sim;;;;Nao;;;;;;;;;;;;;1;;;;;;;;;;;0.00;1.00;1.00;0.50;0.50;;Sim;;Nao;;Nao;Nao;;;;;;NA;;;;;;;;;;;NA;NA;NA;NA;NA;NA;NA;NA;NA;NA;NA;NA;Nao;;;;;;;;Sim;Sim;Nao;Nao;Sim;Nao;Sim;1;;;;;Nao;Nao;NA;Sim;1;;;;;Nao;Sim;Sim;Nao;Nao;72;16;3931742.73;;;1;;1;;1;;1;;;Sim;Sim;;;1;;1;Nao;Sim;Sim;Nao;Nao;Nao;Nao;Nao
2304400;CE;1;;1;;;;;1;;;;;;;1;1;;1;;;;1;1;1;1;;;;1;;;;;1;;1;;9;22;9;22;9;22;9;22;1.0;1.0;1.0;1.0;1.0;1.0;6039;1260;Sim;1665;80;2047;212;127000000;5.92;Sim;Sim;3.6;3.4;2019;Sim;;1;1;1;;;;;;;;;1;;;1;;77232591;106866379;50198940;21480793;26678543;204650833;0.00;0.00;1.00;0.56;0.56;Sim;Sim;2009;Sim;Nao;Nao;Sim;1;;1;;;2015;1;;1;1;1;1;1;1;;;Sim;Sim;Sim;Sim;Sim;Sim;Sim;Nao;Nao;Nao;Nao;Nao;Sim;Sim;Sim;Nao;Sim;Sim;Nao;Nao;Sim;Sim;Sim;Nao;Sim;Nao;Nao;;1;1;;;Nao;Nao;NA;Sim;;1;;1;;Sim;Sim;Sim;Sim;Sim;355;211;144755900.5;;1;;;;;1;;1;;;Sim;Sim;;;1;;;Nao;Sim;Sim;Sim;Sim;Sim;Sim;Nao
2307304;CE;1;;1;1;;;;;1;;;;1;;;;;;;;;1;;;;;;;;1;;;;;;;1;3;6;0;6;0;;0;;0.0;1.0;0.0;0.0;0.0;0.0;;12;Nao;31;46;31;;1959880;6;Nao;Nao;2.45;2.2;2019;Sim;;;;;;;;;;;;;1;;;;;4321540;642445;543384;36338;1413487;;0.00;1.00;1.00;0.50;0.50;Sim;Sim;;Sim;Sim;Sim;Nao;;;;;;NA;;;;;;;;;;;NA;NA;NA;NA;NA;NA;NA;NA;NA;NA;NA;NA;;Nao;Sim;Nao;Sim;Nao;Nao;Nao;Nao;Sim;Nao;Sim;Nao;Sim;Sim;1;;;;;Nao;Nao;NA;Sim;;;;;1;Nao;Sim;Sim;Sim;Nao;86;6;3116657.85;;1;;;;;1;;1;1;;Sim;Sim;;;;;1;Nao;Nao;Nao;Nao;Nao;Nao;Nao;Nao
2403251;RN;1;;1;1;;1;;;1;;;;1;;;1;;1;;;;;;;;;;;;;;;1;;;;1;6;2;;;;;;;0.0;0.0;0.0;0.0;0.0;0.0;450;50;Nao;;;;0;1000000;10;Sim;Nao;3.3;3;2019;Sim;;;;;;;;;;;;;;;;;1;;;;;;;0.00;1.00;1.00;0.50;0.50;Sim;Sim;2013;Sim;Sim;Nao;Sim;1;;1;1;;2018;2;;;1;;1;1;1;;;Sim;Sim;Sim;Sim;Nao;Nao;Nao;Nao;Nao;Nao;Sim;Nao;Nao;;;;;;;;;;;;;;;1;;;;;Sim;Sim;1;Sim;;1;;;;Nao;Sim;Nao;Sim;Nao;28;;3000000;;1;;;;;1;;;1;;Nao;;;;;;;Nao;;;;;;;
2408003;RN;1;;1;1;;;;;;;;;1;1;;;;;;;;;;;;;;;;;;;1;;;;1;2;0;0;0;0;0;0;0;0.0;0.0;0.0;0.0;0.0;0.0;327;212;Nao;23;;;;1131492;10;Nao;Nao;3.3;2.95;2018;Nao;;;;;;;;;;;;;1;;;;;581283;359355;361992;23076;676933;;0.00;1.00;1.00;0.50;0.50;;Sim;;Sim;Nao;Nao;Sim;;;;;1;2011;2;;;1;;1;1;1;;;Sim;Nao;Sim;Nao;Nao;Nao;Nao;Nao;Nao;Nao;Nao;Nao;Nao;Sim;Nao;Sim;Nao;Nao;Nao;Nao;Nao;Sim;Nao;Nao;Sim;Nao;Sim;;;1;;;Nao;Sim;2;Sim;1;;;;;Nao;Sim;Sim;Nao;Nao;88;4;;;1;;;;;1;;1;;;Sim;Nao;;;;;;Nao;Sim;Sim;Sim;Sim;Nao;Nao;Nao
2507507;PB;1;;1;;;;;;;;;;1;;;;;;;;;1;;;;;;;;;;;;;;;1;44;3;0;0;0;0;4;0;0.0;0.0;0.0;0.0;0.1;0.0;2237;752;Nao;435;45;510;20.9;38928708;6.17;Nao;Sim;3.8;3.55;2019;Sim;1;;;;;;;;;;;;1;;;1;;19342157;23827682;14365421;4571345;;56584786;0.00;0.00;1.00;0.50;0.50;Sim;Sim;2009;Sim;Nao;Nao;Nao;;;;;1;NA;;;;;;;;;;;NA;NA;NA;NA;NA;NA;NA;NA;NA;NA;NA;NA;Nao;;;;;;;;;;;;;;Nao;1;;;;;Sim;Sim;1;Sim;;1;1;1;;Sim;Sim;Sim;Nao;Nao;240;50;21071334.57;;;;;;1;1;;1;;;Sim;Sim;1;1;;;1;Nao;Sim;Sim;Sim;Sim;Nao;Sim;Nao
2604106;PE;1;;1;1;;;;;;;;;1;;;;;;;;;;;;;;;;;;;;1;;;;1;0;0;0;0;0;0;1;0;0.0;0.0;0.0;0.0;0.0;0.0;800;170;Nao;119;70;119;;6717821.96;2.81;Nao;;3.15;2.6;2018;Nao;;;;;;;;;;;;;;;;;;7974026;4955486;2429753;;4772075;14411479;0.00;1.00;1.00;0.55;0.00;;Sim;2004;Sim;Nao;Nao;Nao;;;;;;NA;;;;;;;;;;;NA;NA;NA;NA;NA;NA;NA;NA;NA;NA;NA;NA;;Nao;Nao;Nao;Sim;Nao;Sim;Nao;Nao;Sim;Nao;Nao;Nao;Nao;Sim;;;;;;Sim;Sim;;Sim;;1;;1;;;;;;;;;104832.02;;;;;;;;;1;;;Sim;Sim;1;;;;1;Sim;Sim;Sim;Sim;Nao;Nao;Sim;Nao
2607901;PE;1;;1;1;;;;;;;;;1;1;;;;;;;;1;1;;;1;;;;1;;;;1;;;;5;10;5;10;5;10;5;5;1.0;1.0;1.0;1.0;1.0;0.5;735;461;Nao;53;36;53;1.35;;5.7;Nao;Nao;3;2.5;2017;Nao;;;;;;;;;;;;;;;;;1;;;;;;;0.00;0.00;1.00;0.50;0.50;Sim;Sim;;Sim;Nao;Nao;;;;;;1;;;;;;;;;;;;;;;;;;;;;;;;Nao;;;;;;;;Sim;Sim;Nao;Sim;Nao;Nao;Nao;1;;;;;Sim;Nao;1;Sim;1;;;;;Nao;Sim;Nao;Nao;Nao;101;;1200000;;1;;;;;1;;;1;;Sim;Nao;;;;;;Nao;;;;;;;
2609600;PE;;;1;;;;;1;;;;;1;;;;;;;;;1;;;;;;;1;;;;;;;1;;3;0;9;0;0;0;0;0;3.0;0.0;0.0;0.0;0.0;0.0;727;;Nao;;;;700;;;Nao;Nao;3.45;3.2;2018;Nao;;;;;;;;;;;;;;;;1;;;;;;;;;;;;;;Sim;2008;Sim;Sim;Nao;Sim;1;;1;1;;2018;2;;1;1;1;1;1;1;;1;Sim;Sim;Sim;Sim;Sim;Sim;Sim;Sim;Sim;Nao;Sim;Nao;Sim;Sim;Sim;Sim;Nao;Nao;Nao;Nao;Sim;Sim;Sim;Sim;Sim;Nao;Nao;1;;;;;Nao;Sim;1 e 2;Sim;;1;;1;;Nao;Sim;Sim;Nao;Sim;84;3;3456000;;;1;;;;;;;;;NA;Sim;;1;;;1;Sim;Nao;Nao;Nao;Sim;Sim;Nao;Nao
2611606;PE;;;1;;;;;;;;;;1;;;;;;;;;1;;;;;;;;;;;;1;;1;;15;19;;;0;;;;0.0;0.0;0.0;0.0;0.0;0.0;2623;1509;Nao;2366;80;2337;50.93;178680375.5;4.29;Nao;Sim;3.45;3.2;2019;Sim;;;;;;;;;;;;;1;;;1;;93545731;185401771;58887453;173167008;22141836;306247654;0.00;1.00;1.00;1.00;0.50;Sim;Sim;2008;Sim;Nao;Nao;Nao;1;;1;1;;NA;;;;;;;;;;;NA;NA;NA;NA;NA;NA;NA;NA;NA;NA;NA;NA;Sim;Sim;Sim;Sim;Sim;Sim;Sim;Sim;Nao;Sim;Sim;Sim;Sim;Nao;Nao;;;;;;Sim;Sim;2;Sim;;1;1;1;1;Nao;Sim;Sim;Nao;Sim;;233;;;1;;;;;1;;1;1;;Sim;Sim;;1;;;;Nao;Sim;Sim;Sim;Sim;Sim;Sim;Sim
2910800;BA;1;;1;1;;;;;;;;;1;1;;;;;;;;;;;;;;;;;;;1;;;;1;4;0;4;0;0;0;3;0;1.0;0.0;0.0;0.0;0.8;0.0;2322;201;Nao;191;;191;2.56;16977352.5;3.5;Nao;Sim;3.6;3.48;2018;Sim;1;;;;;;;;;;;;1;;;1;;13074661;9305147;6104955;1032146;4669898;26051305;0.00;0.00;1.00;0.50;0.50;Sim;Sim;;Sim;Nao;Nao;Sim;;;;;1;2018;2;;1;1;1;1;1;1;1;1;Sim;Sim;Sim;Sim;Sim;Sim;Sim;Sim;Sim;Sim;Sim;Nao;Sim;Sim;Sim;Sim;Sim;Sim;Sim;Sim;Sim;Sim;Nao;Sim;Sim;Nao;Sim;1;;;;;Sim;Sim;1;Sim;;1;1;1;1;Sim;Sim;Sim;Nao;Nao;;;;1;;;;;;1;;1;1;;Sim;Sim;1;1;;;1;Nao;Sim;Sim;Sim;Nao;Nao;Nao;Nao
2927408;BA;1;;1;1;;;1;1;;;;;1;1;1;1;1;;;;;;;;;1;;;;;;;;1;1;1;;87;30;87;30;8;20;8;20;1.0;1.0;0.1;0.7;0.1;0.7;3186;1241;Sim;2395;80;2260;0;181913085.9;6.29;Sim;Sim;4;3.7;2019;Sim;;;;;;;;;;;;;1;;;1;;73359299;124802958;65576744;139198321;36262281;254778903;0.00;1.00;1.00;0.50;0.50;Sim;Sim;2016;Sim;Nao;Nao;Sim;;;;;1;2018;3;;1;1;1;1;1;1;;1;Sim;Sim;Sim;Sim;Sim;Sim;Sim;Sim;Sim;Sim;Sim;Sim;Sim;Sim;Sim;Sim;Sim;Sim;Sim;Sim;Sim;Sim;Nao;Sim;Sim;Nao;Nao;;1;1;1;;Sim;Sim;1;Sim;;1;;1;;Sim;Sim;Sim;Sim;Sim;693;185;;;1;;;;;1;;1;1;1;Sim;Sim;1;1;;;1;Sim;Sim;Sim;Sim;Sim;Sim;Sim;Nao
3106200;MG;1;;1;;;;;1;;;;;1;;;;;;;;;;;1;;;;;;;;;;1;;1;;48;19;44;18;0;0;48;18;0.9;0.9;0.0;0.0;1.0;0.9;9536;1639;Sim;2631;71;2631;47;155270223;5.83;Sim;Sim;4.5;4.05;2018;Sim;;;;;;1;1;;;;;;1;;;1;;136922504;120536804;1260341;79577010;34419985;315671650;0.00;0.00;1.00;0.50;0.00;Sim;Sim;2019;Sim;Sim;Sim;Sim;1;1;1;1;;2019;2;;1;;1;1;1;1;;1;Sim;Sim;Sim;Sim;Sim;Sim;Sim;Sim;Sim;Sim;Sim;Sim;Sim;Sim;Sim;Sim;Sim;Sim;Sim;Sim;Sim;Sim;Sim;Sim;Sim;Sim;Nao;;1;1;;1;Sim;Sim;1;Sim;;1;;1;;Sim;Sim;Sim;Sim;Sim;754;156;118973322;;;;;;1;1;;1;1;;Sim;Nao;;;;;;Sim;Sim;Sim;Sim;Sim;Sim;Sim;Sim
3118601;MG;1;;1;;1;;;;;;;;1;;;;;;;;;1;;1;;;;;;;;;;1;;;;2;1;2;1;0;1;0;1;1.0;1.0;0.0;1.0;0.0;1.0;2000;600;Nao;161;75;161;;19295574.6;7.92;Sim;Nao;4.5;4.05;2019;Sim;;;;;;;;1;;;;;;1;;;;8841249;16046999;;122357;3355521;24993071.2;0.00;0.00;1.00;;;Sim;Sim;;Sim;Sim;;Sim;;;;;;2016;2;;;;1;;1;1;;1;Sim;Sim;Sim;Sim;Sim;Nao;Sim;Nao;Nao;Sim;Nao;Nao;Sim;;;;;;;;Sim;Sim;Nao;Sim;Nao;Nao;Sim;;;;;;Sim;Sim;1;Sim;;1;;;;Nao;Nao;Sim;Nao;Nao;;;;;;;;;;1;;1;;;Sim;Nao;;;;;;Sim;Sim;Sim;Sim;Sim;Nao;Nao;Nao
3127701;MG;1;;1;1;;;1;;;;;;1;;;1;;;;;;;;;;;;;;;;;1;;;;1;4;0;;0;;0;4;0;0.0;0.0;0.0;0.0;1.0;0.0;1060;56;Sim;81;70;81;1.32;7797323;2.9;Nao;Sim;4.3;3.9;2019;Sim;;;;;;;;;;;;;;;;1;;6885723;5419189;385885;233538;3773377;12083047;0.00;0.00;1.00;0.30;0.30;Sim;Sim;2006;Sim;Nao;Nao;Sim;;;;;1;2019;1;;;;;1;1;1;;;Sim;Sim;Sim;Sim;Sim;Sim;Sim;Sim;Sim;Sim;Sim;Nao;Nao;;;;;;;;;;;;;Sim;Nao;1;;;;;Sim;Sim;1;Nao;;1;1;;1;Sim;Sim;Sim;Nao;Nao;60;12;9940382.9;;;;;1;;1;;1;;;Sim;Sim;;1;;;1;Nao;Sim;Sim;Sim;Sim;Nao;Nao;Nao
3131307;MG;1;;1;;;;;;;;;;1;;;1;;;;;;1;1;;;;;;;;;;;;;;1;1;1;1;1;0;0;0;0;1.0;1.0;0.0;0.0;0.0;0.0;1281;250;Sim;92;;92;0.5;6431336;9;Nao;Sim;4.2;3.8;2019;Sim;1;;;;;;;1;;;;;;;1;;;3767363;4971648;2295563;33185;2110614;;0.00;1.00;0.00;0.50;0.50;Sim;Sim;2014;Sim;Nao;Sim;Nao;;;;;;NA;;;;;;;;;;;NA;NA;NA;NA;NA;NA;NA;NA;NA;NA;NA;NA;;;;;;;;;Nao;Sim;Nao;Nao;Nao;Nao;Nao;;;;;;Sim;Sim;1 e 2;Sim;;;;1;1;Sim;Sim;Nao;Nao;Nao;8;4;2391799.4;;;;;1;;1;;1;;;Sim;Sim;;1;;;;Sim;Sim;Sim;Sim;Nao;Nao;Nao;Nao
3136702;MG;1;;1;;;;;;;;;;1;;;;;;;;;1;1;;;;;;;;;;;;;;1;0;0;0;0;0;0;0;0;0.0;0.0;0.0;0.0;0.0;0.0;5283;917;Sim;592;70;594;5.82;48637271.97;4.7;Sim;Sim;3.35;3.1;2018;Sim;;;;;;;;;;;;1;1;;;;;49919821;37431626;406628;879694;13933231;88670988;0.00;1.00;1.00;1.00;0.00;Sim;Sim;2016;Sim;Nao;Nao;Sim;1;;1;;;2016;1;;1;1;;1;1;1;;;Sim;Sim;Sim;Sim;Sim;Sim;Nao;Nao;Nao;Nao;Sim;Nao;Sim;Sim;Sim;Nao;Sim;Sim;Nao;Sim;Sim;Sim;Sim;Sim;Sim;Sim;Sim;;1;;;;Sim;Sim;1;Sim;1;;;;;Sim;Sim;Sim;Nao;Nao;71;23;13202612.6;;;1;;;;1;;1;;;Sim;Nao;;;;;;Sim;Sim;Sim;Sim;Sim;Sim;Sim;Sim
3154606;MG;1;;1;;;;;;;;;;1;;;;;;;;1;;;1;;;;;;;;;;1;;;;1;0;1;0;1;0;1;0;1.0;0.0;1.0;0.0;1.0;0.0;96;34;Sim;49;39;49;0;3000647.88;5;Nao;Nao;4.25;3.85;2018;Nao;;;;;;;;;;;;;1;1;;;;;;;;;;0.00;1.00;1.00;0.00;0.00;Nao;Sim;2016;Sim;Nao;Nao;Nao;;;;;;NA;;;;;;;;;;;NA;NA;NA;NA;NA;NA;NA;NA;NA;NA;NA;NA;;;;;;;;;Nao;Sim;Nao;Sim;Nao;Sim;Sim;1;;;;;Nao;Nao;NA;Sim;1;;;;;Sim;Sim;Sim;Nao;Sim;19;11;8000000;;;1;;;;1;;1;;;Sim;Sim;1;;;;1;Sim;Sim;Sim;Nao;Sim;Nao;Nao;Nao
3170107;MG;1;;1;1;;;;;;;;;;;;;;;;;1;;;;;;;;;;;;1;;;;1;1;0;;0;;0;;0;0.0;0.0;0.0;0.0;0.0;0.0;1800;567;Sim;109;60;109;0.8;10674708;5.1;Nao;Sim;4.25;4;2019;Sim;;;;;;;;;;;;;1;;;1;;5620345;5289412;3826035;599418;5150028;9721590;0.00;1.00;1.00;0.50;0.50;Sim;Sim;2017;Sim;Nao;Nao;Nao;;;;;;NA;;;;;;;;;;;NA;NA;NA;NA;NA;NA;NA;NA;NA;NA;NA;NA;Nao;Nao;Sim;Sim;Nao;Nao;Sim;Nao;Sim;Sim;Sim;Sim;Sim;Sim;Sim;;1;1;;;Sim;Sim;1;Sim;1;;;;;Sim;Sim;Nao;Nao;Nao;24;0;3000500;;1;;;;;1;;1;;;Sim;Nao;;;;;;Nao;Sim;Sim;Sim;Sim;Nao;Nao;Nao
3170206;MG;1;;1;1;;;;;;;;;;;;;;;;;1;;;;;;;;;;;;;;;;1;30;0;;0;;0;12;0;0.0;0.0;0.0;0.0;0.4;0.0;3012;1575;Nao;412;80;412;26;31501128.5;5;Sim;Sim;4.3;4;2019;Nao;;;;;;;;;;;;;;;;1;;16139821;27539723;6396836;0;3724737;46877962;;1.00;;0.50;0.50;Sim;Sim;2018;Sim;Nao;Nao;Sim;1;;1;;;2010;1;;;1;;1;1;1;;;Sim;Sim;Sim;Sim;Sim;Sim;Nao;Sim;Nao;Nao;Nao;Nao;Sim;Nao;Nao;Nao;Sim;Sim;Sim;Nao;Sim;Sim;Nao;Sim;Sim;Sim;Sim;1;;;;;Nao;Sim;;Sim;1;;;;;Sim;Sim;Nao;Nao;Nao;101;42;29772341.34;;;1;;;;1;;1;;;Sim;Sim;;1;;;1;Sim;Sim;Sim;Nao;Sim;Nao;Nao;Nao
3201308;ES;1;;1;;;;;;;;;;1;;;;;;;;;1;1;;;;;;;;;;;1;;;;;0;3;0;;0;3;0;0.0;0.0;0.0;0.0;0.0;0.0;1517;459;Nao;677;72;677;;54700869.29;8.39;Nao;Nao;3.75;3.4;2019;Sim;1;;;;1;;;;;;;;;1;;;;35552341;37537750;7843525;;5207671;;0.00;1.00;1.00;;0.50;;Sim;2017;Sim;Nao;Sim;Sim;;;;;1;2019;2;;;1;;1;1;1;;1;Sim;Sim;Sim;Sim;Sim;Sim;Nao;Sim;Nao;Nao;Sim;Nao;Nao;Nao;Nao;Nao;Nao;Nao;Nao;Nao;Nao;Nao;Nao;Nao;Sim;Nao;Sim;1;;;;;Nao;Nao;NA;Sim;;1;;;;Nao;Nao;Sim;sim;Nao;17;;;1;;;;;;1;;1;;;Sim;Sim;;1;;;1;Nao;Sim;Nao;Nao;Nao;Nao;Nao;Nao
3300456;RJ;1;;1;;;;;1;;;;;1;;;1;;;;;;1;1;1;;;;;;;;;;;;;1;3;1;0;0;0;0;0;0;0.0;0.0;0.0;0.0;0.0;0.0;287;26;Nao;27;52;5;0;70000;10;Nao;Sim;3.8;4.1;2017;Sim;;;;;;;;;;;;;;;;;1;90000;;15000;;12000;;;;;;;Sim;Sim;2017;Sim;Nao;Nao;Nao;;;;;1;NA;;;;;;;;;;;NA;NA;NA;NA;NA;NA;NA;NA;NA;NA;NA;NA;Nao;Nao;Nao;Nao;Nao;Nao;Sim;Nao;Nao;Sim;Nao;Nao;Nao;Nao;Sim;1;;;;;Nao;Nao;NA;Sim;1;;;;;Nao;Sim;Nao;Nao;Nao;58;0;260000;;1;;;;;1;;;1;1;Nao;Sim;;1;;1;1;Nao;Sim;Nao;Nao;Nao;Nao;Nao;Nao
3301009;RJ;1;;1;;;;;;;;;;1;;;;;;;;;;;;;;;;;;;;1;1;;1;;9;0;3;0;3;0;6;0;0.3;0.0;0.3;0.0;0.7;0.0;1364;300;Sim;271;70;237;;;4;Nao;Nao;2.75;1.6;2015;Nao;;;;;;;;;;;;;1;;;1;;24689.09;;;;;;;;;;;Nao;Sim;2008;Sim;Nao;Nao;Nao;;;;1;;NA;;;;;;;;;;;NA;NA;NA;NA;NA;NA;NA;NA;NA;NA;NA;NA;Sim;Nao;Nao;Sim;Nao;Nao;Nao;Nao;Sim;Sim;Sim;Sim;Nao;Nao;Nao;1;;;;;Nao;Nao;NA;Sim;;;;1;1;Nao;Sim;Nao;Nao;Nao;80;;3005447.79;;;1;;;;1;;1;1;;Sim;Sim;;;1;;;Sim;Sim;Sim;Sim;Sim;Sim;Nao;Nao
3303302;RJ;1;;1;;;;;;;;;;1;1;;;1;;;;;;;;;;;;;;;;1;1;1;1;;4;0;4;0;4;0;3;0;1.0;0.0;1.0;0.0;0.8;0.0;450;270;Sim;804;60;640;11;29911333;3.5;Nao;Nao;4.05;3.9;2019;Sim;;;;;;;;;;;;;1;1;;;;5171738;;;;1362438;8320000;0.00;1.00;1.00;1.00;0.00;Sim;Sim;2019;Sim;Sim;Sim;Sim;1;;1;;;2019;1;;1;1;1;1;1;1;;1;Sim;Sim;Sim;Sim;Sim;Nao;Sim;Sim;Sim;Sim;Sim;Nao;Nao;Sim;Sim;Sim;Sim;Sim;Sim;Sim;Sim;Sim;Nao;Sim;Sim;Sim;Sim;;1;1;;;Nao;Sim;1;Sim;;1;1;1;1;Sim;Sim;Sim;Sim;Sim;31;402;7829919.57;;1;;;;;1;;1;;;Sim;Sim;;1;;;1;Sim;Sim;Sim;Sim;Sim;Sim;Sim;
3304904;RJ;1;;1;;;;;;;;;;1;1;;;;;;;;1;1;1;;;;;;;;;;;;;1;2;;0;0;0;0;0;;0.0;0.0;0.0;0.0;0.0;0.0;1200;250;Nao;650;42;350;0;40061111;4.11;;;;;;Nao;;;;;;;;;;;;;;;;;;;;;;;;0.00;1.00;1.00;1.00;0.00;;;;;;;;;;;;;;;;;;;;;;;;;;;;;;;;;;;;;;;;;;;;;;;;;;;;;;;;Nao;Nao;NA;Nao;;1;;;;Nao;Sim;Nao;Nao;Nao;80;0;4050000;;;;;;;;;;;;;;;;;;;Nao;;;;;;;
3306305;RJ;1;;1;;;;;;;;;;1;;;;;;;;;;;;;;;;;;;;1;;;;1;1;0;1;0;;0;;0;1.0;0.0;0.0;0.0;0.0;0.0;;;Nao;236;75;;3;;;Nao;Nao;3.8;3.3;2017;Nao;;;;;;;;;;;;;1;;;;;;;;;;;0.00;1.00;1.00;1.00;0.50;Sim;Sim;2018;Sim;Nao;;Sim;1;1;1;1;;2019;3;;1;1;1;1;1;1;;;Sim;Sim;Sim;Sim;Sim;Sim;Sim;Sim;Sim;Sim;Sim;Sim;Nao;Sim;Nao;Sim;Sim;Sim;Sim;Nao;Nao;Sim;Nao;Nao;Nao;Nao;Sim;;1;1;1;1;Sim;Sim;1;Sim;;;1;1;;Sim;Sim;Nao;Sim;Sim;;;;;1;;;;;1;;;1;;Nao;Nao;;;;;;Nao;Sim;Sim;Sim;Sim;Nao;Sim;Nao
3505708;SP;1;;1;;;;;;;;;;1;;;1;;;;;;1;;;;;;;;;;;;1;;1;;5;4;5;3;1;4;2;2;1.0;0.8;0.2;1.0;0.4;0.5;;;Nao;185;100;185;2.8;511497;5;Nao;Nao;4.5;4.35;2019;Nao;;;;;;;;;;;;;;1;;;;9196665;16917210;1230026;3264781;2470200;26714796;0.00;1.00;1.00;0.50;0.50;Nao;Sim;2004;Sim;Nao;Sim;Nao;;;;;1;NA;;;;;;;;;;;NA;NA;NA;NA;NA;NA;NA;NA;NA;NA;NA;NA;;Nao;Sim;Nao;Nao;Nao;Nao;Sim;Nao;Sim;Nao;Nao;Sim;Nao;Sim;;1;;;;Sim;Nao;;Sim;;1;;;1;Sim;Sim;Nao;Nao;Sim;171;;3371341.28;;1;;1;;;1;;1;;;Sim;Sim;;;;;1;Nao;Nao;Sim;Nao;Sim;Sim;Sim;Nao
3509502;SP;1;;1;;;;;1;;;;;1;;;;;;;;;1;;;;;;;;;;;;;;1;;13;0;13;0;13;0;13;0;1.0;0.0;1.0;0.0;1.0;0.0;5434;1912;Sim;704;68;586;12.59;97684800;7.47;Sim;Sim;4.55;4.3;2019;Sim;;;;;;;;;;;;1;1;1;;;;51652628;47661854;7221505;43604528;11764321;102454567;0.00;0.00;1.00;0.60;0.60;Sim;Sim;2018;Sim;Nao;Sim;Sim;;;1;;;2019;3;;1;;;1;;1;;1;Sim;Sim;Sim;Sim;Sim;Sim;Sim;Nao;Nao;Nao;Nao;Nao;Sim;Nao;Nao;Nao;Sim;Sim;Sim;Nao;Nao;Sim;Nao;Nao;Nao;Nao;Sim;;1;1;;;Sim;Sim;1;Sim;;1;;;;Sim;Sim;Sim;Nao;Nao;415;261;94680000;;1;;;;1;1;;1;1;;Sim;Nao;;;;;;Nao;Sim;Sim;Sim;Sim;Sim;Sim;Nao
3510609;SP;1;;;;;1;;;;;;;1;1;;;;;;;;1;;1;;;1;;;;;;;;;;1;2;3;2;2;2;2;0;0;1.0;0.7;1.0;0.7;0.0;0.0;2;2;Nao;118;76;118;;6065815;5;Nao;Nao;4.35;4.2;2018;Nao;;;;;;;;;;;;;1;;;;;8554275;19273822;1507287;285984;4887086;0;1.00;1.00;1.00;1.00;0.50;Sim;Nao;NA;Sim;Nao;Nao;Nao;;;;;1;NA;;;;;;;;;;;NA;NA;NA;NA;NA;NA;NA;NA;NA;NA;NA;NA;;Nao;Sim;Nao;Sim;Sim;Sim;Nao;Sim;Nao;Nao;Nao;Nao;Sim;Sim;1;;;;;Nao;Nao;NA;Sim;1;;;;;Sim;Sim;Sim;Sim;Sim;24;11;17628909.75;;1;;;;;1;;1;;;Sim;Nao;1;;;1;1;Sim;Sim;Sim;Nao;Nao;Nao;Sim;Nao
3518800;SP;1;;1;;;1;;;;;;;1;;;1;;;;;;;;;;;;;;;;;1;1;;1;;6;2;25;2;8;2;2;2;4.2;1.0;1.3;1.0;0.3;1.0;2153;703;Nao;562;80;562;6541;42499956;5.83;Sim;Sim;4.45;4.3;2019;Sim;1;;;;;;;;;;;;1;1;;;;26624893;29969176;6783621;24031994;17269843;58918769;0.00;1.00;1.00;0.50;0.50;;Sim;2019;Sim;Nao;Sim;Sim;;;;;1;2019;3;;1;1;1;1;1;1;;1;Sim;Sim;Sim;Sim;Sim;Sim;Sim;Nao;Nao;Sim;Sim;Nao;Nao;Sim;Nao;Nao;Nao;Sim;Sim;Nao;Nao;Sim;Nao;Sim;Sim;Nao;Nao;;;;;;Sim;Sim;2;Sim;;1;;;;Sim;Sim;Sim;Nao;Sim;128;95;;;1;;;;;1;;1;1;;Sim;Nao;;;;;;Sim;Sim;Sim;Nao;Sim;Nao;Nao;Nao
3530607;SP;1;;;;;;;;;;;;1;;;;;;;;;;;;;;;;;;;;1;;;1;;3;4;3;4;1;4;0;0;1.0;1.0;0.3;1.0;0.0;0.0;2345;713;Sim;244;70;244;3.5;20310757;3;Sim;Nao;4.5;4.1;2019;Sim;1;;;;;;;;;;;;1;1;1;;;9839917;15786997;3232492;4277383;12999804;26967216;0.00;0.00;1.00;0.58;0.58;Sim;Sim;2006;Sim;;;Sim;;;;1;;2018;2;;1;1;1;1;1;;;1;Sim;Sim;Sim;Sim;Sim;Sim;Nao;Sim;Sim;Nao;Sim;Nao;Nao;Sim;Nao;Sim;Nao;Nao;Sim;Sim;Nao;Sim;Nao;Sim;Sim;Sim;Nao;;;;;;Sim;Sim;1 e 2;Sim;;1;;1;1;Sim;Sim;Sim;Nao;Sim;32;27;15489981.28;;;1;;;;1;;1;;;Sim;Nao;;;;;;Sim;Sim;Sim;Sim;Nao;Nao;Nao;Nao
3534401;SP;1;;;;;;;;;;;;1;1;;1;;;;;;1;1;;;;;;;;;;;1;;1;;9;5;5;3;1;3;2;2;0.6;0.6;0.1;0.6;0.2;0.4;1332;341;Sim;382;60;382;0;21620000;4.7;Sim;Sim;4.5;4.35;2019;Nao;;;;;;;;;;;;;;;;;1;17250894;19120342;2804170;;5850649;1651107;0.00;1.00;1.00;0.50;0.50;Nao;Sim;2004;Sim;Nao;Nao;Sim;;;;;1;2016;2;;1;1;1;1;1;1;;1;Sim;Sim;Sim;Sim;Sim;Sim;Sim;Nao;Sim;Nao;Sim;Nao;Sim;Nao;Nao;Nao;Sim;Nao;Nao;Sim;Nao;Sim;Nao;Nao;Nao;Nao;Sim;1;;;;;Sim;Sim;1;Sim;;1;;1;1;Sim;Sim;Sim;Nao;Nao;86;36;7665171;;;1;;;;1;;1;;;Sim;Sim;;;;;1;Sim;Sim;Sim;Sim;Sim;Sim;Sim;Sim
3547809;SP;1;;1;;;;;;;;;;1;;;1;;;;;;;;;;;;;;;;;1;1;;1;;3;3;3;0;0;0;1;0;1.0;0.0;0.0;0.0;0.3;0.0;1950;973;Sim;198;72;198;9.6;20983402;6;Sim;Sim;4.75;4.4;2019;Nao;;;;;;;;;;;;;1;1;;1;;3400871;14990241;3842635;5367559;10176779;39839889;0.00;1.00;1.00;1.00;1.00;Sim;Sim;2012;Sim;Sim;Sim;Sim;;;;;1;2004;1;;;;;;;;;;;;;;;;;;;;;;Sim;Sim;Sim;Sim;Sim;Sim;Sim;Sim;Sim;Sim;Sim;Sim;Sim;Nao;Sim;;1;;1;;Nao;;;Sim;1;;;;;Sim;Sim;Sim;Sim;Nao;81;74;31748934.76;;;1;;;;1;;1;;;Sim;Nao;;;;;;Sim;Sim;Sim;Sim;Sim;Sim;Sim;Nao
3548708;SP;1;;1;;;;;;;;;;1;1;;;1;;;;;;;;;;;;;;;;1;1;;1;;6;0;5;0;5;0;4;0;0.8;0.0;0.8;0.0;0.7;0.0;2029;1270;Sim;253;68;253;1;19142357.1;6.85;Nao;Sim;4.75;4.4;2019;Sim;1;;;;;;;;;1;;;1;;;;;16335498;14412038;3105960;4653142;13401167;38759426;0.00;1.00;1.00;1.00;1.00;Sim;Sim;2011;Sim;Nao;Nao;Nao;;;;;1;NA;;;;;;;;;;;NA;NA;NA;NA;NA;NA;NA;NA;NA;NA;NA;NA;;Nao;Sim;Sim;Nao;Nao;Sim;Nao;Nao;Nao;Nao;Nao;Nao;Nao;Sim;1;;;;;Sim;Sim;1;Sim;;1;;;;Sim;Sim;Sim;Nao;Sim;23;72;72420294.7;;1;;;;;1;;1;;;Sim;Nao;;;;;;Nao;Sim;Sim;Sim;Sim;Sim;Nao;Nao
3548906;SP;1;;1;;;;;;;;;;1;;;;;;;;;;;;;;;;;;;;1;;;;1;1;0;1;0;1;0;0;0;1.0;0.0;1.0;0.0;0.0;0.0;1200;174;Sim;54;65;54;1;6209630;6.5;Nao;Sim;3.9;3.5;2018;Nao;;;;;;;;;;;;;1;1;;;;3668327;2809132;1878725;1182572;1442522;7704138;;1.00;1.00;0.50;0.50;;Sim;2016;Sim;Nao;Nao;Nao;;;;;1;NA;;;;;;;;;;;NA;NA;NA;NA;NA;NA;NA;NA;NA;NA;NA;NA;Sim;Nao;Nao;Nao;Nao;Nao;Sim;Nao;Nao;Sim;Nao;Nao;Sim;Nao;Sim;;1;;;;Sim;Sim;1;Sim;;;;;1;Sim;Sim;Sim;Nao;Nao;27;7;6974138.41;;1;;;;;1;;;;;;Sim;1;;1;;1;Nao;Sim;Sim;Sim;Sim;Nao;Nao;Nao
3549904;SP;1;;1;;;;;1;;;;;1;;;;;;;;;;;;;;;;;;;;1;;;;1;3;0;3;0;0;0;0;0;1.0;0.0;0.0;0.0;0.0;0.0;2512;1453;Sim;381;86;301;4.2;37064438.2;5.3;Nao;Sim;4.2;4.1;2019;Sim;1;;;;;;;;;;;;1;1;;;;22748241;19493068;5474782;18030830;18661059;44978700;0.00;1.00;1.00;0.50;0.50;Sim;Sim;2018;Sim;Nao;Nao;Sim;;;;;1;2016;2;;;1;1;1;1;1;;1;Sim;Sim;Sim;Sim;Sim;Sim;Sim;Sim;Nao;Nao;Sim;Nao;Sim;Sim;Sim;Sim;Sim;Sim;Sim;Nao;Sim;Sim;Sim;Sim;Sim;Nao;Sim;1;;;;;Sim;Sim;1;Sim;;1;1;1;1;Sim;Sim;Sim;Sim;Nao;98;178;8104036.24;;;1;;;;1;;1;1;;Sim;Nao;;;;;;Sim;Sim;Sim;Sim;Sim;Sim;Sim;Nao
3550308;SP;1;;1;;;;;1;;;;;1;1;1;1;;;1;;;;;;;;;;;;;;1;1;1;1;;67;145;30;130;;;64;145;0.4;0.9;0.0;0.0;1.0;1.0;20145;6645;Sim;8801;;5062;529;830936385;5.2;Sim;Sim;4.3;4;2019;Sim;;;;;;;;1;;;;;1;1;;1;;797124896;531526688;44958021;772969773;652336244;1251550222;0.00;1.00;1.00;;;Sim;Sim;2014;Sim;Sim;Sim;Sim;1;;1;;;2015;3;;1;1;1;1;1;1;;1;Sim;Sim;Sim;Sim;Sim;Sim;Nao;Nao;Nao;Nao;Sim;Nao;Sim;Sim;Sim;Sim;Sim;Sim;Sim;Sim;Nao;Sim;Sim;Sim;Sim;Sim;Sim;;1;;;;Sim;Sim;1;Sim;;1;1;1;1;Sim;Sim;Sim;Nao;Sim;;893;;;1;1;;;1;1;;1;;;Sim;Nao;;;;;;Sim;Sim;Sim;Sim;Sim;Sim;Sim;Sim
3551009;SP;;;1;;;;;;;;;;1;;;;;1;;;;;;;;;;;;;;;1;;;;1;1;8;1;8;1;8;0;0;1.0;1.0;1.0;1.0;0.0;0.0;358;65;Nao;150;150;150;0;;7;Nao;;3;2.7;2013;Nao;;;;;;;;;;;;;;;;;1;;;;;;;0.00;1.00;1.00;0.50;0.50;Nao;Sim;2018;Sim;Sim;Sim;Nao;;;;;;NA;;;;;;;;;;;NA;NA;NA;NA;NA;NA;NA;NA;NA;NA;NA;NA;Nao;Sim;Sim;Sim;Nao;Sim;Nao;Nao;Nao;Sim;Nao;Nao;Nao;Nao;Sim;1;;;;;Nao;Nao;NA;Nao;1;;;;;Nao;Nao;Sim;Sim;Nao;82;5;7129187.4;;1;;;;;;1;;;;NA;Nao;;;;;;Sim;Sim;Nao;Nao;Sim;Nao;Nao;Nao
3552403;SP;1;;1;;;;;;;;;;1;1;;;;;;;;;;;;;;;;;;;1;;;;1;2;0;1;0;1;0;0;0;0.5;0.0;0.5;0.0;0.0;0.0;483;143;Nao;55;60;43;0;280783;9.8;Nao;Sim;3.2;2.8;2016;Nao;;;;;;;;;;;;;;;;;1;1776444;1322220;24564;0;401796;;0.00;1.00;1.00;0.50;0.50;Sim;Sim;2010;Sim;Nao;Nao;Sim;;;;;1;2018;2;;;1;;1;1;1;;;Sim;Sim;Sim;Sim;Sim;Sim;Sim;Sim;Sim;Sim;Nao;Sim;Nao;Sim;Sim;Sim;Nao;Nao;Nao;Nao;Nao;Sim;Nao;Sim;Sim;Nao;Nao;1;;;;;Nao;Nao;NA;Sim;;;;1;;Nao;Sim;Sim;Nao;Nao;16;7;;;1;;;;;1;;1;1;;Sim;Sim;;;;;1;Nao;Sim;Nao;Nao;Nao;Nao;Nao;Nao
3552502;SP;1;;1;;;;;;;;;;1;1;;1;;;;;;;;;;;;;;;;;1;1;;1;;1;1;1;1;1;1;1;1;1.0;1.0;1.0;1.0;1.0;1.0;714;316;Nao;120;;120;0.3;;7;Nao;Nao;4.4;4.2;2019;Sim;;;;;;;;;;;1;;1;;;1;;;;;;;;0.00;1.00;1.00;0.50;0.50;Nao;Sim;2017;Sim;Nao;Sim;Sim;;;;;1;2019;2;;1;1;;1;1;;;1;Sim;Sim;Sim;Sim;Sim;Sim;Nao;Nao;Nao;Nao;Nao;Sim;Nao;Nao;Nao;Sim;Nao;Nao;Sim;Nao;Sim;Sim;Nao;Sim;Nao;Sim;Sim;;1;;1;;Sim;Sim;1 e 2;Sim;;1;;1;1;Nao;Sim;Sim;Nao;Sim;30;10;14166455.48;;1;;;;;1;;1;1;;Sim;Sim;;;;;1;Sim;Sim;Sim;Nao;Nao;Nao;Nao;Nao
3552809;SP;1;;1;;;;;;;;;;1;;;;;;;;;;;;;;;;;;;;1;;;;1;5;0;110;0;;0;;0;22.0;0.0;0.0;0.0;0.0;0.0;325;110;Nao;124;37;124;0;6825969;5.92;Nao;Nao;3.8;3;2017;Nao;;;;;;;;;;;;;;;;;1;13093865;;749322;;929553;;0.00;0.00;1.00;0.50;0.50;Sim;Sim;2018;Sim;Nao;Nao;Sim;;;;;1;2019;3;;;1;;1;1;1;;1;Sim;Sim;Sim;Sim;Sim;Nao;Sim;Nao;Nao;Sim;Nao;Nao;Nao;Sim;Sim;Sim;Sim;Sim;Sim;Sim;Nao;Nao;Nao;Nao;Sim;Nao;Sim;1;;;;;Nao;Sim;;Sim;;1;;1;;Sim;Sim;Sim;Sim;Sim;86;25;12000000;;;1;;;;1;;1;;;Sim;Nao;;;;;;Nao;Sim;Nao;Nao;Nao;Nao;Nao;Nao
4106902;PR;1;;1;;;;;;;;;;1;;;;;;;;;;;;;;;;;;;;1;;;;1;21;0;21;0;0;0;21;0;1.0;0.0;0.0;0.0;1.0;0.0;6914;5385;Sim;1017;85;;8.37;88486580;7.47;Sim;Sim;4.5;4.25;2019;Sim;;;;;;;;;1;;;;1;;;1;;71469100;102774656;3503980;761278;27573101;176876506;0.00;1.00;1.00;0.50;0.50;Sim;Sim;2015;Sim;Nao;Nao;Sim;1;1;1;1;;2008;3;;1;1;1;;1;1;;1;Sim;Sim;Sim;Sim;Sim;Sim;Sim;Sim;Sim;Sim;Sim;Sim;Sim;Sim;Sim;Sim;Sim;Sim;Nao;Sim;Nao;Sim;Nao;Nao;Sim;Sim;Sim;;1;;;;Sim;Sim;1;Sim;;1;1;1;1;Sim;Sim;Sim;Sim;Sim;656;667;111064627.6;;;;;;1;1;;1;;;Sim;Nao;;;;;;Sim;Sim;Sim;Sim;Sim;Sim;Sim;Nao
4108304;PR;1;;1;1;;;;;;;;;;;;;;;;;;1;;;;;;;;;;;;1;;;;2;0;2;0;0;0;2;0;1.0;0.0;0.0;0.0;1.0;0.0;1318;1248;Sim;132;90;132;0.2;10798236;3.78;Nao;Nao;3.75;3.55;2018;Sim;1;;;;;;;;;;;;1;;;1;;6406494;7386379;808778;87532;2737022;14340944;0.00;1.00;1.00;0.50;0.50;Sim;Sim;2011;Sim;Nao;Nao;Sim;;;;;1;2018;3;;1;1;;1;1;1;;1;Sim;Sim;Sim;Sim;Sim;Sim;Sim;Nao;Sim;Sim;Sim;Nao;Nao;Sim;Nao;Sim;Sim;Sim;Sim;Nao;Nao;Sim;Sim;Nao;Sim;Sim;Sim;1;;;;;Sim;Sim;2;Sim;;1;1;1;1;Sim;Sim;Sim;Sim;Nao;163;25;9783457.88;;;;;;1;1;;1;;;Sim;Nao;;;;;;Nao;Sim;Nao;Nao;Nao;Nao;Nao;Nao
4113700;PR;1;;1;1;;;;;;;;;1;;;;;;;;;;;;;;;;;;;;1;;;;1;9;0;0;0;0;0;0;0;0.0;0.0;0.0;0.0;0.0;0.0;2600;2500;Nao;309;71;15;16;1700;6.5;Sim;Nao;4.25;3.9;2019;Sim;;;;;;;;;;;;;1;;;1;;210918;368878;95251;28954;30526;612128;0.00;1.00;1.00;1.00;0.50;Sim;Sim;2018;Sim;Nao;Nao;Sim;1;;1;;;2019;1;;1;1;1;1;1;1;;1;Sim;Sim;Sim;Sim;Sim;Sim;Sim;Sim;Sim;Nao;Sim;Nao;Sim;Sim;Sim;Sim;Sim;Sim;Sim;Nao;Sim;Sim;Nao;Sim;Sim;Nao;Sim;;;;;;Sim;Sim;1;Sim;;1;;1;1;Sim;Sim;Sim;Nao;Nao;38;22;19500000;;;;;1;1;1;;1;;;Sim;Nao;;;;;;Nao;Sim;Sim;Nao;Nao;Nao;Nao;Nao
4115200;PR;1;;1;1;;;;;;;;;1;;;;;;;;;1;;;;;;;;;;;;;;;1;1;0;1;0;0;0;0;0;1.0;0.0;0.0;0.0;0.0;0.0;2441;1667;Nao;267;80;267;;1261043;5.2;Nao;Nao;4.3;3.9;2019;Sim;1;;;;;;;;;;;;1;;;;;1094785;;450898;49405;491043;1665111;0.00;0.00;1.00;1.00;1.00;Sim;Sim;2006;Sim;Nao;Nao;Nao;;;;;;NA;;;;;;;;;;;NA;NA;NA;NA;NA;NA;NA;NA;NA;NA;NA;NA;;Nao;Nao;Nao;Sim;Sim;Nao;Nao;Nao;Sim;Nao;Nao;Nao;Nao;Sim;1;;;;;Nao;Sim;1 e 2;Sim;1;;;;;Sim;Nao;Sim;Nao;Nao;78;40;26332341.32;;;1;;;;1;;1;;;Sim;Sim;;1;;1;;Sim;Sim;Nao;Nao;Nao;Nao;Nao;Nao
4202404;SC;1;;1;1;;;;;;;;;1;;;;;;;;;1;;;;;;;;;;;;;;;1;6;0;0;0;0;0;0;0;0.0;0.0;0.0;0.0;0.0;0.0;2630;1573;Sim;214;80;;;15367429;2;Sim;Sim;4.2;4.05;2018;Nao;;;;;;;;;;;;;;;;;1;8938816;11551894;4093221;;959461;22537320;0.00;0.00;1.00;0.50;0.50;Sim;Sim;2018;Sim;Nao;Nao;Sim;;;;;1;2018;3;;1;1;1;1;1;1;;1;Sim;Sim;Sim;Sim;Sim;Sim;Sim;Sim;Sim;Sim;Sim;Nao;Sim;Nao;Nao;Nao;Sim;Sim;Nao;Nao;Nao;Sim;Nao;Sim;Sim;Nao;Sim;1;;;;;Nao;Sim;2;Sim;;1;;;;Sim;Sim;Sim;Nao;Nao;119;24;22205282.98;;1;;;;;1;;1;;;Sim;Sim;;;;;1;Nao;Sim;Sim;Sim;Nao;Nao;Nao;Nao
4205407;SC;1;;1;1;1;1;1;1;1;1;1;1;1;1;1;1;1;1;1;1;1;1;1;1;;1;;1;1;1;1;1;1;1;1;1;1;7;0;7;0;6;0;6;0;1.0;0.0;0.9;0.0;0.9;0.0;2550;1122;Sim;520;80;385;0;34238626.45;5.81;Nao;Sim;4.4;4.2;2019;Sim;;;;;;;;;;;;;1;1;1;1;1;23521063;20380655;12571598;3620481;4147147;48650175;0.44;1.00;1.00;0.50;0.50;Sim;Sim;2014;;Sim;Nao;Sim;1;1;1;1;1;2015;;1;1;1;1;1;1;1;1;1;Sim;Sim;Sim;Sim;Sim;Sim;Sim;Sim;Sim;Sim;Sim;Sim;Sim;Sim;Sim;Sim;Sim;Sim;Sim;Sim;Sim;Sim;Sim;Sim;Sim;Sim;"Sim; não";1;1;1;1;1;Sim;Sim;1 e 2;"Sim; Nao";;1;1;1;1;Sim;Sim;Sim;Sim;Sim;;;;1;1;1;1;1;1;1;1;1;1;1;Sim;"Sim; não";1;1;1;1;1;"Sim; Nao";Sim;Sim;Sim;Sim;Sim;Sim;Nao
4304606;RS;1;;1;;;1;;;;;;;1;;;;;;;;;;;;;;;;;;;;1;1;;;;6;6;;6;;6;6;6;0.0;1.0;0.0;1.0;1.0;1.0;1541;1259;Sim;138;45;70;0.6;8826860;7.33;Nao;;4.6;4.2;2019;Sim;;;;;;;;;;;;;1;;;;;5181520;6268484;1663474;870816;3040369;12264158;0.00;1.00;1.00;0.50;0.50;Sim;Sim;2015;Sim;Nao;Nao;Nao;1;;1;;;NA;;;;;;;;;;;NA;NA;NA;NA;NA;NA;NA;NA;NA;NA;NA;NA;;Sim;Nao;Nao;Sim;Sim;Sim;Nao;Nao;Nao;Nao;Nao;Sim;Nao;Nao;1;;;;;Sim;Sim;1;Nao;;1;;1;;Sim;Sim;Nao;Nao;Nao;53;3;5490775.98;;1;;;;;1;;1;;;Sim;Nao;;;;;;Sim;Sim;Sim;Sim;Nao;Nao;Nao;Nao
4305108;RS;1;;1;;;;;;;;;;1;;;;;;;;;;;;;;;;;;;;1;;;1;;55;0;0;0;0;0;2;0;0.0;0.0;0.0;0.0;0.0;0.0;3000;1500;Nao;286;75;260;13.16;20909053;6;Nao;Nao;4.25;3.95;2019;Sim;1;;;;;;;;;;;;1;1;;1;;11827666;15987694;4501035;2015387;9826831;30114929;0.00;1.00;1.00;0.50;0.50;Sim;Sim;2019;Sim;Nao;Nao;Nao;;;;;1;NA;;;;;;;;;;;NA;NA;NA;NA;NA;NA;NA;NA;NA;NA;NA;NA;;Nao;Nao;Nao;Nao;Nao;Nao;Nao;Nao;Sim;Nao;Nao;Sim;Sim;Sim;;1;1;;;Sim;Sim;1;Sim;1;;;;;Nao;Nao;Nao;Nao;Nao;73;1;8371380.82;;1;;;;;1;;1;;;Sim;Nao;;;;;;Sim;Sim;Nao;Nao;Nao;Nao;Nao;
4309209;RS;1;;1;;;;;;;;;;1;;;;;;;;;;;;;;;;;;;;1;;;;1;;0;;0;;0;;0;0.0;0.0;0.0;0.0;0.0;0.0;1161;;Sim;81;43;74;;4074999;7;Sim;Sim;4.8;4.4;2019;Nao;;;;;;;;;;;;;1;;;;;3833086;2114828;593444;268126;531005;4511913;0.00;1.00;1.00;1.00;0.52;;Sim;1997;Sim;Nao;;Nao;;;;;;NA;;;;;;;;;;;NA;NA;NA;NA;NA;NA;NA;NA;NA;NA;NA;NA;;Sim;Nao;Nao;Nao;Nao;Nao;Nao;Nao;Sim;Nao;Nao;Sim;Nao;Nao;1;;;;;Sim;Sim;1;Sim;1;;;;;Sim;Sim;Sim;Nao;Sim;27;2;2056201.96;;;1;;;;1;;1;;;Sim;Nao;;;;;;Nao;Sim;Sim;Sim;Sim;Nao;Nao;Nao
4314407;RS;1;;1;1;;;;1;;;;;1;;;;;;;;;;;;;;;;;;;;1;;;;1;1;0;0;0;0;;0;;0.0;0.0;0.0;0.0;0.0;0.0;1618;731;Sim;210;48;187;16.3;13631788.14;5.19;Sim;Sim;3.7;3.35;2018;Sim;1;;;;;;;;;;;;1;;;;;10219722;11095250;4320466;2234181;4677960;23724996;0.00;0.00;1.00;0.60;0.60;Sim;Sim;2018;Nao;Nao;Nao;Sim;;;;;1;2019;3;;1;1;1;1;1;1;;1;Sim;Sim;Sim;Sim;Sim;Sim;Sim;Sim;Sim;Sim;Sim;Nao;Sim;Nao;Sim;Sim;Sim;Sim;Sim;Sim;Nao;Sim;Nao;Nao;Sim;Nao;Nao;1;;;;;Sim;Nao;;Sim;;1;;;;Nao;Sim;Sim;Nao;Nao;95;1;1750000;;1;;;;;1;;1;;;Sim;Sim;;;;;1;Sim;Sim;Sim;Sim;Sim;Sim;Nao;Sim
4314902;RS;1;;1;;;;;1;;;;;1;;;1;1;;;1;;;;;;;;;;;;;1;1;;;;8;6;6;3;0;0;8;6;0.8;0.5;0.0;0.0;1.0;1.0;5708;4331;Sim;1446;75;1129;15.1;104853464.6;8;Sim;Nao;4.7;4.3;2019;Sim;;;;;;;;;;;;;1;;;;;66087640;80626411;21944752;22431516;56583949;170268557;0.00;1.00;1.00;0.50;0.50;Sim;Sim;2010;Sim;Nao;Nao;Sim;1;1;1;;;2019;1;;1;;1;1;1;1;;1;Sim;Sim;Sim;Sim;Sim;Sim;Sim;Sim;Sim;Nao;Sim;Nao;Sim;Sim;Sim;Nao;Sim;Sim;Nao;Nao;Nao;Sim;Nao;Nao;Nao;Nao;Nao;;1;1;;;Sim;Sim;1;Sim;;;1;1;1;Sim;Sim;Sim;Nao;Sim;503;;70411625.93;;1;1;;;1;1;;1;;;Sim;Nao;;;;;;Nao;Sim;Sim;Sim;Sim;Sim;Sim;
4316907;RS;1;;1;1;;;;;;;;;1;;;;;;;;;1;1;1;1;;;;;;;;;;;;1;1;0;1;0;0;0;0;0;1.0;0.0;0.0;0.0;0.0;0.0;1700;495;Nao;240;90;165;480;12374688;10.9;Nao;Nao;4.2;3.9;2019;Nao;;;;;;;;;;;;;1;;;;;9891;8620912;4639338;;6080000;;0.00;1.00;1.00;0.50;0.50;Sim;Sim;2015;Sim;Nao;;Sim;;;;;;2015;2;;;1;;1;1;1;;1;Sim;Sim;Sim;Sim;Sim;Sim;Sim;Sim;Sim;Nao;Sim;Nao;Sim;;;;;;;;;;;;;;Nao;;;;;;Sim;Sim;1;Nao;1;;;;;Nao;Nao;Nao;Nao;Sim;35;;;;1;;;;;1;;1;;;Nao;Sim;;;;1;1;Nao;Sim;Sim;Nao;Nao;Nao;Nao;Nao
5002704;MS;1;;1;1;;;;;;;;;;;;;;;;;1;;;;;;;;;;;;1;;;;1;;0;;0;;0;;0;0.0;0.0;0.0;0.0;0.0;0.0;4522;1792;Sim;318;195;;6.9;35247927;6.71;Nao;Sim;3.95;;;Nao;;;;;;;;;;;;;1;;;;;25687580;20555505;6652520;4232291;19063529;46243085;0.00;0.00;1.00;1.00;1.00;;Sim;2018;Sim;Nao;;Sim;;;;;1;2015;3;;;1;;;;;;;Sim;Sim;Sim;Sim;Sim;Sim;sim;Sim;Nao;Nao;Sim;Nao;;;;;;;;;Sim;Sim;;Sim;Sim;Sim;;;;;;;;;;;;;;;;;;;;;;77;;1;;;;;;1;;1;;;Sim;;;;;;;;Sim;Sim;Sim;Nao;Nao;Nao;Nao
5103403;MT;1;;1;1;;;;;;;;;1;;;;;;;;;;;;;;;;;;;;1;;;;1;5;0;4;0;2;0;3;0;0.8;0.0;0.4;0.0;0.6;0.0;2230;780;Sim;368;70;368;17;26574801.42;7.41;Sim;;4.1;3.85;;Nao;;;;;;;;;;;;;1;;1;;;21305608;14506625;10864986;13461375;9069449;41244626;0.00;1.00;0.00;1.00;1.00;Nao;Sim;2007;Sim;Nao;Sim;Nao;;;;;;NA;;;;;;;;;;;NA;NA;NA;NA;NA;NA;NA;NA;NA;NA;NA;NA;;;;;;;;;;;;;;;;;1;;;;Sim;Sim;2;Sim;;1;;;;;;;;;;;;;1;;;;;1;;1;;;Sim;Nao;;;;;;Sim;Sim;Sim;Nao;Nao;Nao;Sim;Nao
5201108;GO;1;;1;1;;;;;;;;;;;;;;;;;1;1;;1;1;;;;;;;;;;;;1;1;0;1;0;0;0;0;0;1.0;0.0;0.0;0.0;0.0;0.0;1700;700;Sim;190;13870;190;1;10347503.04;5;Nao;Sim;3.7;3.2;2018;Nao;;;;;;;;;;;;;1;;;;;0.228;0.178;0.221;0.005;0.368;0.469;0.00;1.00;1.00;1.00;0.50;Nao;Sim;2019;Sim;Nao;Nao;Sim;1;1;1;1;;;2;;1;1;1;;;;;1;Sim;Sim;Sim;Sim;Sim;Sim;Sim;Sim;Nao;Sim;Sim;Sim;Sim;Nao;Nao;Sim;Sim;Nao;Sim;Nao;Nao;Sim;Nao;Nao;Nao;Nao;Nao;1;;;;;Sim;Sim;1;Sim;;;;1;;;;;;;38;;;;;;;;1;1;;1;;;Sim;Nao;;;;;;Sim;Sim;Nao;Sim;Nao;Nao;Nao;Nao
5201405;GO;1;;1;1;;;;;;;;;1;;;;;;;;;;;;;;;;;;;;1;;;1;;6;0;6;0;6;0;6;0;1.0;0.0;1.0;0.0;1.0;0.0;1419;673;Sim;346;95;;;1682574.14;7.5;;Sim;4.3;4;2019;Nao;;;;;;;;;;;;;1;;;;;39434187;;;;13150810;;0.00;0.00;0.00;1.00;;Sim;Sim;2016;Sim;Nao;Sim ;Nao;;;;;1;NA;;;;;;;;;;;NA;NA;NA;NA;NA;NA;NA;NA;NA;NA;NA;NA;;Sim;Sim;Nao;Nao;Sim;Nao;Nao;Nao;Sim;Sim;Sim;Sim;Sim;Sim;1;;;;;Nao;Nao;;Sim;;;1;1;1;Sim;Sim;Sim;Nao;Nao;40;21;16927330.12;;1;;;;;1;;1;;;Sim;Nao;;;;;;Nao;Sim;Sim;Sim;Sim;Sim;Nao;Nao
5208707;GO;1;;1;1;;;;1;;;;;1;;;;;;;;;;;;;;;;;;;;1;;;;1;21;0;21;0;21;0;21;0;1.0;0.0;1.0;0.0;1.0;0.0;6600;3130;;1237;95;;15.4;5931397.37;7;Nao;Sim;4.3;4;2019;Nao;;;;;;;;;;;;;1;;;;;125386003;;;;20526701;;0.00;0.00;0.00;1.00;0.50;Sim;Sim;2013;Sim;Nao;;Nao;;;;;;NA;;;;;;;;;;;NA;NA;NA;NA;NA;NA;NA;NA;NA;NA;NA;NA;Sim;;;;Sim;;;;;;;;;;;;1;1;1;;Sim;Sim;1;Sim;;;1;1;;Sim;Sim;Sim;Nao;Nao;;237;58703923.16;;;1;;;;1;;1;;;Sim;Sim;;;;;1;;Sim;Sim;Nao;Sim;Sim;Nao;Nao
5300108;DF;1;;1;;1;;;1;;;;;1;;;;;;;;;;;;;;;;;;;;1;;;;1;32;25;12;25;9;25;3;25;0.4;1.0;0.3;1.0;0.1;1.0;5533;3621;Sim;2178;83;2178;57.7;163552899;5.39;Nao;Nao;5;4;2017;Sim;;;;;;;;;;;;;1;;;;;154781614;58367301;68406877;47943218;21851943;;;;;;;Sim;Sim;;Sim;Sim;;Sim;1;;1;1;;2014;2;;;1;;1;1;1;;1;Sim;Nao;Nao;Nao;Sim;Nao;Sim;Nao;Nao;Nao;Nao;Nao;Sim;Sim;Nao;Sim;Nao;Sim;Nao;Nao;Sim;Sim;Nao;Nao;Sim;Nao;Sim;;;;;;;;;;;;;;;Nao;Nao;Sim;Nao;Sim;;;;;;1;;;;1;;1;;;Sim;Sim;1;;;1;;Nao;Sim;Sim;Nao;Nao;Nao;Nao;Nao
